MSOA Code,Population Density,income,Unemployment Rate,properites,House Density,HousePrice
E02000001,26.2,46788,3.8,"6,680",19,425944.444 
E02000002,31.7,27059,11.8,"2,770",13,183750.000 
E02000003,47.7,36835,9.1,"3,970",18,208194.444 
E02000004,25.3,39668,9.3,"2,380",9,196305.278 
E02000005,72.9,29156,9.7,"3,290",28,173833.333 
E02000007,52.3,25569,13.1,"3,590",20,170083.333 
E02000008,81.9,26750,11.1,"4,710",33,166916.389 
E02000009,92.3,27347,11.1,"4,110",34,172804.444 
E02000010,79.0,27077,10.2,"3,400",30,166666.667 
E02000011,39.6,33153,8.6,"2,420",15,185666.667 
E02000012,77.3,42624,7.3,"3,330",26,258777.778 
E02000013,64.9,27213,9.9,"3,230",24,167943.889 
E02000014,79.6,26796,11.0,"3,590",30,166916.667 
E02000015,56.3,24591,13.9,"3,250",24,146661.111 
E02000016,92.8,26823,11.8,"3,390",35,149121.944 
E02000017,99.6,34435,9.0,"2,820",32,213833.333 
E02000018,66.5,26613,11.8,"3,340",25,165722.222 
E02000019,28.0,29593,10.3,"3,110",10,165305.278 
E02000020,28.3,27819,11.3,"3,960",10,187027.778 
E02000021,28.5,28518,9.6,"3,010",11,163055.000 
E02000022,119.6,22151,15.5,"3,290",44,146999.444 
E02000023,37.4,24258,13.1,"2,520",14,163347.222 
E02006799,88.0,27616,11.6,"4,400",32,177943.889 
E02000024,27.8,44293,4.5,"3,730",11,338818.889 
E02000025,33.6,32507,5.8,"2,570",16,261863.167 
E02000026,44.0,39295,5.2,"3,780",17,337718.889 
E02000027,58.2,27381,8.5,"2,600",22,275933.333 
E02000028,59.5,39306,5.0,"3,580",24,298847.222 
E02000029,51.3,31213,7.0,"3,550",21,255528.333 
E02000030,6.3,46651,5.1,"3,070",2,562050.000 
E02000031,38.4,42831,4.4,"2,770",15,374444.444 
E02000032,56.5,41515,4.6,"3,390",20,391861.111 
E02000033,48.8,29483,8.2,"3,510",19,286795.500 
E02000034,55.7,32409,5.9,"3,580",22,251958.333 
E02000035,62.8,35703,5.5,"4,030",27,293610.833 
E02000036,60.6,31167,6.5,"3,440",22,287788.889 
E02000037,23.2,36675,6.2,"4,150",8,383141.667 
E02000038,61.6,33581,6.0,"2,630",24,324724.667 
E02000039,31.6,45509,4.0,"2,810",12,372444.444 
E02000040,14.0,31793,7.3,"3,270",5,346269.444 
E02000041,67.8,30530,6.1,"4,530",24,302275.000 
E02000042,90.1,31836,6.0,"2,740",37,267711.111 
E02000043,53.3,51412,4.7,"3,020",19,484469.111 
E02000044,73.9,26179,8.3,"4,180",26,235527.778 
E02000045,60.3,28859,7.7,"2,920",24,243633.333 
E02000046,74.8,37474,5.5,"4,140",30,308362.111 
E02000047,80.9,22538,8.7,"3,950",29,222972.222 
E02000048,32.3,41106,5.1,"3,360",13,331883.333 
E02000049,110.3,19305,11.5,"3,980",39,207388.889 
E02000050,48.5,30134,6.5,"3,780",18,284663.778 
E02000051,60.9,42567,5.3,"4,250",25,388390.000 
E02000052,103.0,37106,5.2,"5,150",44,316833.333 
E02000053,60.3,25778,6.5,"2,950",22,233618.889 
E02000054,49.0,32171,5.6,"4,500",19,272219.444 
E02000055,79.2,31358,5.3,"3,580",30,297024.944 
E02000056,28.6,63752,3.6,"2,660",11,797577.778 
E02000057,69.2,37191,6.4,"4,140",24,344527.778 
E02000058,57.8,49097,4.6,"4,270",23,500544.444 
E02000059,48.4,24087,8.0,"3,750",19,232577.778 
E02000060,90.9,40122,5.7,"3,620",29,489774.444 
E02000061,51.8,48783,5.3,"2,410",21,547455.556 
E02000062,35.3,23645,8.8,"2,720",13,272247.222 
E02000063,69.0,28148,7.9,"2,570",25,319888.889 
E02000064,81.0,28377,8.1,"2,860",32,306627.778 
E02000065,24.8,26981,10.8,"3,900",9,155022.222 
E02000066,61.5,22542,12.1,"3,920",26,149088.889 
E02000067,38.8,26156,8.3,"3,290",16,157687.778 
E02000068,33.0,26030,10.0,"2,580",14,153833.056 
E02000069,42.9,29097,6.5,"3,240",18,166860.556 
E02000070,42.5,33410,5.0,"2,980",18,223250.000 
E02000071,62.8,29748,5.5,"4,500",24,198027.778 
E02000072,27.3,22762,12.5,"4,030",11,159332.500 
E02000073,66.9,38384,4.4,"3,460",25,240332.778 
E02000074,68.8,24851,8.5,"3,200",29,163777.778 
E02000075,51.6,38685,3.8,"2,990",21,243221.389 
E02000077,70.6,31615,4.7,"3,110",26,220277.222 
E02000078,52.1,36561,4.2,"3,410",21,201221.944 
E02000079,47.5,37560,4.4,"3,830",20,216083.333 
E02000080,55.3,32793,5.8,"3,310",23,225166.389 
E02000081,34.1,32046,5.8,"3,450",14,215667.778 
E02000082,60.0,36144,4.4,"4,470",23,225000.000 
E02000083,26.8,29038,6.5,"4,280",11,181194.444 
E02000084,40.8,41318,4.3,"3,180",17,241606.944 
E02000085,49.2,33487,4.2,"2,840",19,205694.167 
E02000086,49.9,41089,3.8,"3,410",19,239302.778 
E02000087,20.4,48169,3.8,"3,060",9,271608.056 
E02000088,38.8,40186,3.6,"2,970",15,242605.556 
E02000089,57.4,42366,4.1,"4,240",21,268721.389 
E02000090,49.1,37219,4.6,"4,480",23,194277.778 
E02000091,36.0,37550,4.8,"2,800",16,223966.667 
E02000092,11.0,27187,7.4,"3,490",5,190638.611 
E02006785,47.4,29625,7.1,"2,820",19,204888.333 
E02000093,79.0,33472,6.3,"3,210",25,297663.889 
E02000094,75.6,30685,6.7,"2,590",24,286602.778 
E02000095,63.7,33359,7.7,"2,980",21,310666.667 
E02000096,45.1,51120,5.4,"2,880",16,400438.889 
E02000097,48.1,30181,7.2,"2,810",16,285877.778 
E02000098,43.3,36992,7.2,"2,530",15,346663.889 
E02000099,67.2,34889,7.0,"3,430",22,280577.778 
E02000100,40.3,48533,4.8,"2,570",14,372716.667 
E02000101,67.6,27696,9.6,"3,220",24,232087.778 
E02000102,57.3,23730,10.8,"2,320",19,243275.000 
E02000103,49.5,26806,9.3,"3,110",17,266888.333 
E02000104,61.2,32803,7.5,"3,610",20,293591.667 
E02000105,68.9,30264,7.4,"4,180",22,232444.444 
E02000106,77.6,24454,10.0,"2,310",26,245972.222 
E02000107,115.6,30789,7.6,"4,110",44,293527.778 
E02000108,80.9,28659,7.1,"3,100",27,241842.444 
E02000109,51.9,28215,8.3,"3,120",18,243222.222 
E02000110,104.2,36528,7.3,"3,060",38,400975.000 
E02000111,89.3,27150,6.8,"3,420",26,228997.222 
E02000112,75.0,26226,7.6,"3,570",24,253944.444 
E02000113,66.2,20202,13.6,"3,970",23,200691.611 
E02000114,150.2,28588,7.6,"3,220",59,281083.333 
E02000115,98.9,38186,6.8,"4,910",48,336736.111 
E02000116,78.0,23147,9.9,"3,210",29,243096.111 
E02000117,136.7,21148,14.0,"2,850",52,210333.333 
E02000118,78.7,24942,7.5,"4,390",23,232805.278 
E02000119,29.5,21638,14.2,"3,030",10,215708.167 
E02000120,184.8,36708,6.4,"3,100",87,338333.333 
E02000121,67.1,26397,6.7,"5,910",21,212388.889 
E02000122,66.6,47307,5.9,"4,390",26,508916.667 
E02000123,144.2,23115,11.9,"4,120",58,248455.222 
E02000124,93.1,42553,6.1,"3,390",41,391494.444 
E02000125,141.4,37288,6.7,"3,890",58,356852.667 
E02000126,168.8,22165,14.6,"3,120",78,275888.889 
E02000127,38.9,25946,9.2,"3,680",17,187083.278 
E02000128,28.7,37117,4.4,"4,910",12,273472.222 
E02000130,54.3,34183,7.0,"4,930",24,253593.278 
E02000131,52.2,29839,8.1,"4,500",27,197513.389 
E02000132,51.3,36073,5.7,"5,470",28,231319.444 
E02000133,16.3,60333,3.3,"4,590",7,442299.611 
E02000134,56.6,35942,5.7,"2,340",28,230133.333 
E02000135,86.1,22604,11.9,"3,760",39,169008.333 
E02000136,12.5,34834,5.8,"4,310",5,277749.722 
E02000137,43.2,45204,3.9,"3,350",20,246250.000 
E02000138,38.9,49094,3.4,"3,410",20,264605.000 
E02000139,48.4,38704,4.7,"3,240",22,254122.222 
E02000140,42.9,23489,9.4,"3,490",18,188833.333 
E02000141,75.6,32858,7.4,"3,930",35,222999.722 
E02000142,47.0,45498,4.1,"3,670",19,283799.722 
E02000144,44.8,44725,5.1,"3,970",20,262385.278 
E02000145,7.4,24228,9.6,"3,290",3,170497.222 
E02000146,47.8,37735,4.4,"2,740",20,246805.278 
E02000147,35.7,55508,3.9,"3,250",14,417830.000 
E02000148,23.6,50081,3.9,"3,190",10,373555.556 
E02000149,41.5,29404,7.0,"3,050",18,207552.778 
E02000150,27.7,43369,3.9,"3,130",10,329138.889 
E02000151,36.1,52696,3.4,"2,930",14,375991.667 
E02000152,26.6,29543,8.0,"3,440",11,254471.667 
E02000153,34.6,47622,3.2,"3,150",13,342833.333 
E02000154,38.7,40860,4.5,"4,920",16,242560.556 
E02000155,38.2,32409,5.6,"3,400",17,228938.333 
E02000156,31.6,46521,3.5,"3,100",13,338176.722 
E02000157,32.8,47996,3.5,"2,890",14,302000.000 
E02000158,34.5,33394,6.8,"3,040",14,270333.333 
E02000159,11.8,50127,3.7,"3,430",5,397027.778 
E02000160,9.4,44672,4.1,"2,950",4,328000.000 
E02000161,49.3,45001,3.6,"3,120",20,278188.889 
E02000162,5.3,35374,4.5,"2,780",2,270991.667 
E02000163,6.8,45352,3.6,"3,720",3,316166.111 
E02000165,12.6,35787,4.2,"3,860",5,233996.944 
E02006782,29.6,32275,6.7,"3,620",12,250111.111 
E02006787,51.2,40665,4.7,"3,270",21,303055.556 
E02006789,2.9,38750,4.3,"3,780",1,300361.111 
E02000166,26.6,42650,6.5,"3,550",12,472272.222 
E02000167,37.0,71771,3.3,"4,360",19,766750.000 
E02000168,123.2,43197,5.5,"3,920",53,378444.444 
E02000169,66.3,72851,3.8,"3,780",28,832655.556 
E02000170,108.6,49795,5.0,"4,470",50,489275.000 
E02000171,156.7,46318,5.7,"3,430",70,475212.056 
E02000172,158.2,25248,9.6,"4,280",64,330612.778 
E02000173,100.7,60006,4.1,"4,420",48,647750.000 
E02000174,160.4,31969,6.6,"3,060",71,343771.944 
E02000175,127.1,43267,5.3,"3,630",64,419683.333 
E02000176,166.5,62063,3.5,"4,120",87,570672.222 
E02000177,176.8,28690,8.6,"3,460",76,346538.889 
E02000178,165.0,30067,7.4,"4,120",78,330272.222 
E02000179,170.9,41716,6.9,"4,110",79,551861.111 
E02000180,161.7,32416,7.1,"4,320",73,376716.667 
E02000181,144.4,53974,3.8,"3,670",70,483388.889 
E02000182,88.7,47092,6.1,"4,030",40,551000.000 
E02000183,102.5,48659,4.8,"3,500",54,570168.889 
E02000184,131.8,26058,9.1,"2,370",56,309825.000 
E02000185,181.5,26410,9.6,"3,690",88,322944.444 
E02000186,67.7,35370,6.1,"3,390",34,477919.444 
E02000187,88.2,21851,10.7,"3,750",35,340420.444 
E02000188,167.0,23234,10.4,"4,550",64,287666.667 
E02000189,203.5,25620,11.3,"4,410",79,339833.333 
E02000190,209.8,27809,8.8,"3,530",93,320034.722 
E02000191,128.3,34232,4.3,"2,600",51,469944.444 
E02000192,170.6,30782,8.5,"3,420",82,434944.444 
E02000193,72.9,35144,5.5,"3,540",40,406833.333 
E02000194,64.0,31945,8.4,"3,310",30,215636.111 
E02000195,48.1,37134,6.4,"4,000",18,281434.444 
E02000196,61.3,29358,9.1,"4,080",21,268250.000 
E02000197,93.5,28768,7.7,"3,080",35,237219.444 
E02000198,91.6,25836,10.1,"3,170",38,183222.222 
E02000199,98.7,28685,9.6,"3,170",38,208180.556 
E02000200,67.4,27756,10.1,"4,380",31,173827.778 
E02000201,99.7,24270,11.8,"3,690",46,168913.889 
E02000202,116.3,27698,8.5,"3,940",42,217138.889 
E02000203,98.0,25648,9.3,"2,990",40,183944.444 
E02000204,86.7,27578,8.6,"3,420",30,217883.333 
E02000206,66.9,24553,11.0,"3,330",29,174886.111 
E02000207,74.5,26377,10.5,"3,070",29,197841.667 
E02000208,115.2,23258,9.9,"4,790",45,176938.889 
E02000209,83.8,25897,8.8,"2,360",30,193605.556 
E02000210,108.1,31270,7.3,"5,050",45,218069.444 
E02000211,48.5,40687,4.9,"3,080",20,259411.111 
E02000212,69.2,23897,9.1,"4,760",24,184077.778 
E02000213,93.3,23328,11.2,"2,430",42,169413.889 
E02000214,61.5,41062,4.9,"3,090",23,269644.444 
E02000215,105.7,29986,7.3,"5,300",53,196000.000 
E02000216,29.8,48844,5.8,"4,040",14,231111.111 
E02000217,71.2,27511,7.7,"3,550",31,195068.889 
E02000218,59.9,30242,8.3,"2,890",21,298638.889 
E02000219,13.5,47716,4.1,"3,370",5,318930.556 
E02000220,67.5,30075,7.2,"2,770",35,178888.889 
E02000221,36.0,27590,7.8,"2,850",14,211302.778 
E02000222,43.5,40759,5.8,"5,000",20,211322.222 
E02000223,87.8,19464,14.3,"2,990",30,164055.556 
E02000224,60.7,36609,6.1,"2,440",27,207294.444 
E02000225,47.3,23066,9.2,"4,190",17,189833.333 
E02000226,23.3,48232,4.3,"2,710",9,325913.889 
E02000227,25.2,33018,5.4,"2,370",11,204494.444 
E02000228,24.5,56797,3.7,"2,470",10,379945.444 
E02000229,49.5,20645,11.6,"3,310",19,186888.889 
E02000230,38.9,46726,5.0,"2,730",16,264772.167 
E02000231,23.0,58777,4.2,"2,940",8,475638.889 
E02000232,14.3,40983,4.7,"3,110",5,292008.333 
E02000233,39.3,41588,6.4,"3,320",15,245438.889 
E02000234,26.4,41247,6.0,"2,970",10,261480.500 
E02000235,13.3,48017,5.2,"3,940",5,300819.444 
E02000236,21.7,45181,4.5,"2,520",8,287551.333 
E02000237,15.3,40645,5.7,"2,190",6,284719.444 
E02006788,54.9,26909,8.7,"3,160",21,210088.889 
E02000238,64.0,29229,6.8,"2,730",21,246327.778 
E02000239,38.5,33760,6.2,"3,420",13,276388.889 
E02000240,60.3,25369,9.0,"3,150",22,218552.778 
E02000241,52.0,30465,6.3,"3,860",18,243300.000 
E02000242,78.0,29655,7.0,"3,050",25,268444.444 
E02000243,30.2,29187,7.4,"2,900",11,236052.722 
E02000244,40.8,32152,5.6,"2,610",15,255275.000 
E02000245,50.1,22255,11.5,"2,520",20,175913.889 
E02000246,42.7,24459,10.7,"4,340",15,215111.111 
E02000247,74.2,26048,8.8,"3,930",27,193138.667 
E02000248,42.9,38267,6.2,"2,620",17,285136.111 
E02000249,61.2,28013,7.6,"3,830",22,249522.222 
E02000250,64.9,61772,4.1,"3,890",26,466809.278 
E02000251,83.7,28532,7.5,"6,530",27,249222.222 
E02000252,30.8,26595,8.7,"2,690",12,243430.556 
E02000253,83.7,26097,9.0,"2,380",33,255666.667 
E02000254,85.8,25997,7.8,"2,630",25,234550.000 
E02000255,61.1,40484,6.9,"4,580",24,348388.889 
E02000256,81.6,50640,5.1,"3,970",36,327302.778 
E02000257,61.9,51698,5.2,"3,420",28,335510.667 
E02000258,66.3,35249,6.8,"3,530",26,360000.000 
E02000259,49.5,42063,5.1,"4,930",18,304286.111 
E02000260,81.2,24748,8.8,"3,930",24,218861.056 
E02000261,83.9,29508,7.1,"3,160",33,304063.889 
E02000262,128.3,30715,7.0,"3,960",55,289972.222 
E02000263,95.9,22323,9.5,"3,380",27,231000.000 
E02000264,56.3,45947,5.0,"3,840",23,338441.667 
E02000265,107.8,33387,7.3,"3,020",48,291720.722 
E02000266,31.7,22204,13.2,"2,640",10,209444.444 
E02000267,93.3,37448,6.1,"4,170",39,295083.333 
E02000268,69.6,47342,6.6,"2,260",30,387916.667 
E02000269,91.2,54721,4.0,"2,870",38,402722.222 
E02000270,100.5,24319,10.2,"2,700",43,264661.000 
E02000271,89.2,62306,3.9,"3,440",40,598611.111 
E02000272,55.5,50797,4.9,"4,670",22,415830.556 
E02000274,90.1,21267,10.4,"3,550",26,210500.000 
E02000275,62.2,25015,10.1,"3,560",19,224552.778 
E02000276,79.7,49469,4.0,"3,510",32,354011.111 
E02006791,96.2,48508,4.8,"2,930",47,398897.889 
E02000277,68.6,25716,9.2,"3,610",26,215398.611 
E02000278,69.0,21779,12.0,"2,520",25,209633.333 
E02000279,44.8,24370,11.6,"4,120",17,189030.500 
E02000280,5.4,35117,6.4,"2,720",2,265752.778 
E02000281,46.3,26860,9.1,"3,850",19,207194.444 
E02000282,72.4,19940,13.6,"2,500",28,173583.333 
E02000283,74.0,24504,10.5,"2,860",25,220027.778 
E02000284,64.5,39307,6.1,"4,380",28,246927.778 
E02000285,66.7,43171,5.3,"3,640",26,293427.500 
E02000286,39.9,45546,4.8,"2,530",20,239499.667 
E02000287,7.6,53025,5.1,"3,090",3,548055.556 
E02000288,50.5,23053,10.7,"3,410",18,203888.889 
E02000289,19.4,48346,5.4,"4,180",7,406380.556 
E02000290,15.1,19974,13.2,"3,560",6,181447.222 
E02000291,79.7,30042,8.1,"3,100",36,212500.000 
E02000292,51.4,31552,7.3,"3,490",19,238374.333 
E02000293,29.4,53234,4.6,"3,030",12,417466.667 
E02000294,59.5,23917,9.3,"4,000",20,219721.944 
E02000295,52.7,41983,6.8,"3,200",21,262302.778 
E02000296,54.2,34084,7.3,"3,090",23,249525.000 
E02000297,56.9,44530,4.5,"2,950",22,328610.833 
E02000298,40.3,54820,4.1,"3,590",16,454519.444 
E02000299,107.7,22359,10.7,"3,590",40,203026.167 
E02000300,106.9,24178,10.4,"3,360",40,206642.500 
E02000301,56.6,20418,12.7,"2,930",22,177638.889 
E02000302,52.8,33941,7.2,"3,870",20,302694.444 
E02000303,69.3,21087,13.3,"3,710",26,200527.222 
E02000304,46.9,54819,4.5,"4,390",17,437105.556 
E02000305,91.5,41862,5.7,"2,500",37,267943.889 
E02000306,45.3,18308,15.5,"4,590",17,169802.778 
E02000307,90.7,26016,9.9,"3,590",31,227055.556 
E02000308,68.4,31597,7.5,"5,390",26,295805.556 
E02000309,66.3,21387,11.9,"3,290",24,190833.333 
E02000311,71.8,26884,9.0,"3,440",26,237833.333 
E02000312,83.6,34634,6.6,"3,900",33,251719.444 
E02006793,93.0,19714,13.1,"2,580",34,165416.667 
E02000313,92.5,24276,11.7,"3,000",36,164277.222 
E02000314,43.4,29541,10.2,"4,460",14,174379.444 
E02000315,77.0,23697,12.3,"2,880",29,170978.889 
E02000316,59.1,29087,8.7,"3,120",27,247006.000 
E02000317,130.9,23117,14.2,"2,390",50,184294.444 
E02000318,92.3,25175,11.0,"3,230",31,181138.889 
E02000319,121.3,27011,11.8,"2,480",43,181000.000 
E02000320,46.6,27925,9.3,"3,320",18,184776.667 
E02000321,117.8,23177,12.2,"3,050",47,181500.000 
E02000323,143.8,23258,12.6,"3,080",55,178305.000 
E02000324,57.0,26863,9.9,"2,630",22,231633.333 
E02000326,99.4,39906,6.6,"2,680",41,290722.222 
E02000327,38.1,25334,12.1,"3,110",13,169972.222 
E02000328,76.7,50673,5.6,"2,620",37,321663.333 
E02000329,35.5,30249,9.0,"2,960",14,192916.389 
E02000331,80.8,29502,7.7,"3,070",34,217944.167 
E02000332,36.4,40914,7.7,"2,290",15,228000.000 
E02000333,49.8,59305,3.9,"2,770",25,327666.667 
E02000334,47.1,32861,7.3,"2,530",19,225944.444 
E02000335,51.0,42666,5.0,"2,790",21,241360.556 
E02000337,57.2,28236,9.3,"3,550",22,211638.889 
E02000339,48.3,47874,5.6,"2,780",20,277385.833 
E02000340,18.7,41356,5.8,"2,840",9,216527.778 
E02000341,42.8,25484,10.7,"3,740",17,186333.056 
E02000342,47.5,29421,6.8,"4,160",17,220721.667 
E02000343,53.3,31128,7.9,"2,780",22,230749.722 
E02000344,48.8,42674,5.1,"3,260",19,255593.889 
E02006786,57.5,27111,10.7,"4,170",22,185146.444 
E02006927,32.5,38143,7.8,"3,220",14,266555.222 
E02006928,144.4,33988,8.4,"3,220",57,278622.222 
E02006929,31.3,35028,6.5,"2,790",14,293861.111 
E02006930,77.7,46180,5.3,"4,910",34,344245.833 
E02006931,47.3,47499,5.4,"2,560",21,379654.889 
E02000345,148.8,35371,10.0,"4,930",45,275491.111 
E02000346,104.1,21298,13.3,"3,690",49,220805.556 
E02000347,118.0,34478,9.6,"2,830",42,269688.889 
E02000348,147.0,27624,12.2,"4,840",51,244244.444 
E02000350,171.8,40001,7.3,"4,020",66,280330.556 
E02000351,164.9,42844,5.3,"6,340",76,292021.889 
E02000352,90.9,39069,7.1,"3,680",37,290845.944 
E02000353,140.8,48843,5.8,"4,430",59,436722.222 
E02000354,126.2,27155,12.4,"4,120",53,244996.889 
E02000355,133.3,34930,10.5,"5,880",51,315305.278 
E02000356,183.2,49507,6.4,"3,890",81,361413.889 
E02000357,42.3,21827,16.5,"7,100",17,185018.833 
E02000358,181.1,32389,8.9,"3,820",79,289830.500 
E02000359,153.2,31380,10.8,"2,620",56,353333.333 
E02000360,211.3,26104,12.1,"2,620",89,245386.111 
E02000361,132.5,29405,10.7,"3,410",60,261498.611 
E02000362,49.5,26824,11.7,"3,330",21,224194.444 
E02000363,184.5,22768,16.4,"3,610",75,199638.611 
E02000364,137.6,40075,8.7,"3,550",60,326521.944 
E02000365,138.8,39349,7.0,"3,320",61,316563.889 
E02000366,134.8,30988,10.1,"2,630",58,334718.889 
E02000367,136.9,36927,8.0,"3,890",57,296739.167 
E02000368,151.7,25230,12.1,"3,140",64,260138.889 
E02000369,183.3,28009,10.5,"4,550",79,312374.722 
E02000370,173.9,27749,11.5,"3,500",78,324222.222 
E02000371,130.1,34195,7.0,"3,170",58,335830.333 
E02006918,155.0,26026,13.5,"3,780",62,202141.056 
E02006921,173.8,25865,13.0,"2,650",66,209694.444 
E02000372,26.1,25827,9.9,"3,980",11,289430.556 
E02000373,160.8,17878,13.6,"3,610",60,212966.611 
E02000374,133.0,32731,7.5,"2,970",54,400217.667 
E02000375,92.0,29898,8.8,"3,590",45,344358.333 
E02000376,167.3,32699,7.6,"4,240",80,320619.444 
E02000377,183.2,32832,7.7,"2,710",84,328936.111 
E02000378,220.1,35737,6.1,"4,720",114,323611.111 
E02000379,111.7,39830,6.7,"2,890",49,388502.778 
E02000380,164.4,48753,4.7,"2,860",76,568330.556 
E02000381,139.4,48241,5.1,"3,500",67,460277.778 
E02000382,98.2,39484,7.1,"3,000",47,418772.222 
E02000383,153.3,38029,6.7,"3,140",80,362472.167 
E02000384,92.5,30691,8.5,"2,440",43,359306.278 
E02000385,151.0,46867,4.2,"2,500",81,371055.556 
E02000386,183.7,28812,9.3,"3,010",85,342347.889 
E02000387,150.2,31949,6.3,"2,690",71,368292.111 
E02000388,151.2,41378,4.8,"2,510",75,447500.000 
E02000389,130.9,51398,4.0,"2,670",57,509355.556 
E02000390,180.7,40744,6.0,"3,150",85,547497.222 
E02000391,114.2,55511,5.3,"3,000",55,666533.944 
E02000392,169.1,48093,5.7,"2,530",79,549120.222 
E02000393,166.8,58680,3.9,"2,750",77,499250.000 
E02000394,117.7,41594,6.2,"3,840",58,550994.167 
E02000395,60.6,63623,4.1,"2,920",30,599084.444 
E02000396,104.3,48653,6.1,"2,970",44,640223.889 
E02000397,143.1,26564,9.6,"2,830",61,237883.333 
E02000398,61.3,17955,17.4,"2,830",24,176277.778 
E02000400,58.3,31884,7.5,"3,500",23,291933.333 
E02000401,91.3,20758,12.5,"2,730",32,219969.444 
E02000402,70.9,19793,12.9,"2,300",26,193000.000 
E02000403,87.9,26891,7.9,"3,510",35,248161.000 
E02000404,117.2,22827,9.8,"3,310",42,237675.833 
E02000405,36.7,57157,5.2,"3,300",15,422666.611 
E02000406,156.5,23564,10.0,"2,970",59,252950.000 
E02000407,144.8,20571,10.4,"2,610",59,188522.222 
E02000408,152.8,18993,13.0,"3,090",54,197608.333 
E02000409,92.4,20508,12.9,"2,260",37,260438.833 
E02000410,89.0,54023,5.1,"2,910",39,358133.278 
E02000411,57.9,21436,10.7,"2,940",20,194830.556 
E02000412,92.0,23403,9.9,"2,980",38,236666.667 
E02000413,61.1,53922,5.2,"3,420",25,405000.000 
E02000414,178.5,24501,10.6,"3,440",69,235305.556 
E02000415,99.2,25885,8.3,"3,080",41,255463.889 
E02000416,120.8,29314,8.8,"2,960",57,267614.167 
E02000417,61.9,55576,4.7,"3,660",28,402191.667 
E02000418,77.9,56458,4.6,"3,600",32,504777.778 
E02000419,130.1,28027,7.8,"2,880",56,283213.889 
E02000420,129.2,22107,11.4,"2,120",55,227877.778 
E02000421,92.0,20809,11.3,"3,170",38,182527.778 
E02000422,146.7,23212,10.6,"3,100",55,225625.000 
E02000423,124.6,27068,7.3,"2,820",47,268000.000 
E02000424,108.9,43836,7.4,"3,160",48,333277.778 
E02000425,134.5,27751,7.9,"2,910",42,295016.111 
E02000426,30.0,56561,3.9,"2,590",14,435972.222 
E02000427,64.9,31291,6.8,"3,390",29,278030.500 
E02000428,121.7,21800,10.5,"2,700",48,225272.222 
E02000429,70.5,58437,4.3,"3,870",34,389624.444 
E02000430,113.6,49826,4.9,"2,510",55,343205.556 
E02000431,109.5,57100,3.9,"2,790",53,399661.111 
E02000432,120.9,40224,6.1,"2,550",59,308667.667 
E02006794,107.1,18362,15.2,"2,400",44,191602.778 
E02000433,12.3,42592,4.1,"3,370",5,374044.444 
E02000434,45.0,37464,5.4,"3,020",17,318227.778 
E02000435,41.9,32217,6.7,"2,570",16,331605.556 
E02000436,12.2,53828,3.5,"3,480",5,461875.000 
E02000437,62.2,31303,6.2,"2,590",23,278861.111 
E02000438,45.6,31020,8.4,"2,410",18,253916.667 
E02000439,78.5,27288,7.5,"3,330",26,277722.222 
E02000440,64.2,40271,5.5,"2,330",21,337369.444 
E02000441,29.4,36314,6.0,"2,700",12,288294.444 
E02000442,77.5,27563,6.5,"2,350",23,270394.333 
E02000443,97.5,25167,9.2,"2,840",34,240752.778 
E02000444,79.1,31025,6.3,"2,870",25,300716.667 
E02000445,83.3,26163,8.7,"3,450",30,236800.000 
E02000447,33.0,37288,6.2,"3,370",12,325747.222 
E02000448,39.4,52401,4.2,"4,310",16,434825.000 
E02000449,91.5,25542,7.3,"3,240",28,273555.556 
E02000451,41.3,46460,4.3,"2,750",15,349247.222 
E02000452,73.6,30720,6.8,"3,820",28,222000.000 
E02000453,74.7,32773,5.7,"3,060",28,246257.833 
E02000454,45.2,52216,4.3,"3,640",17,385580.556 
E02000455,66.1,32974,6.6,"4,050",28,239691.667 
E02000456,76.3,33547,5.9,"3,640",28,293375.000 
E02000457,54.6,39544,5.6,"4,160",20,337133.333 
E02000459,71.0,27463,7.5,"4,320",27,216035.278 
E02000460,77.1,26182,8.5,"3,840",26,234275.000 
E02000461,26.9,44520,4.8,"2,230",10,300272.222 
E02000462,67.6,28640,7.1,"3,810",23,254358.333 
E02000463,91.6,27082,7.9,"4,750",31,253852.778 
E02006795,84.4,31919,5.8,"3,370",28,277550.000 
E02006882,67.1,31937,6.0,"2,610",21,316052.778 
E02000464,11.2,24277,9.4,"3,600",4,176277.778 
E02000465,28.8,24008,10.1,"3,330",12,175608.333 
E02000466,13.3,27310,7.8,"3,500",5,203166.389 
E02000467,72.3,20697,13.4,"3,070",31,158252.778 
E02000468,19.5,28643,6.6,"3,030",8,210500.000 
E02000469,38.4,24428,9.8,"3,030",16,174805.556 
E02000470,11.7,34987,5.4,"3,330",5,221666.111 
E02000471,34.8,39310,4.4,"3,270",14,264959.444 
E02000472,58.7,31628,5.1,"3,870",24,215500.000 
E02000473,33.8,38060,4.0,"2,680",14,238444.167 
E02000474,38.5,28355,6.7,"2,580",16,198883.333 
E02000475,32.9,43163,4.6,"3,330",14,261216.667 
E02000476,55.6,28459,8.0,"4,480",27,175860.333 
E02000477,53.8,41647,3.9,"3,170",22,257333.333 
E02000478,23.7,54627,3.4,"3,810",9,510998.889 
E02000479,60.7,30327,7.0,"2,720",26,199944.444 
E02000480,30.2,29113,7.4,"3,120",12,193161.111 
E02000481,6.4,36741,4.8,"3,320",3,238055.278 
E02000482,22.6,52543,2.7,"3,230",9,341500.111 
E02000483,47.6,31360,5.7,"3,480",22,221000.000 
E02000484,44.6,35932,5.1,"3,340",17,235138.611 
E02000485,38.7,37126,4.9,"2,990",16,239221.111 
E02000486,57.7,33601,4.6,"2,940",24,223608.333 
E02000487,6.1,53482,3.5,"2,830",2,404721.944 
E02000488,40.5,37383,4.3,"3,790",16,241904.167 
E02000489,30.6,28682,6.9,"3,750",12,209250.000 
E02000490,38.3,27852,6.1,"3,320",16,202583.333 
E02000491,18.5,25302,9.3,"3,320",8,189277.500 
E02000492,4.5,30670,4.6,"3,110",2,221166.389 
E02000493,48.7,26132,9.0,"3,330",20,177722.222 
E02000494,12.0,57662,3.9,"3,220",5,426754.667 
E02000495,35.5,41752,5.4,"4,810",16,274726.944 
E02000496,4.9,32493,5.2,"2,880",2,242805.556 
E02000497,32.6,42381,4.8,"3,370",13,303194.444 
E02000498,19.4,41271,4.2,"3,270",8,293436.111 
E02000499,48.5,49461,4.1,"2,970",19,340305.556 
E02000500,27.0,52042,3.6,"4,170",11,373472.222 
E02000501,57.6,43190,4.5,"4,050",23,288194.444 
E02000502,18.9,41262,3.9,"3,450",8,252933.333 
E02000503,66.0,42318,3.3,"3,510",24,266841.667 
E02000504,24.1,52514,3.7,"2,710",10,361316.667 
E02000506,13.9,52483,3.4,"3,270",5,411438.889 
E02000507,29.8,33554,5.0,"3,580",10,244994.444 
E02000508,35.8,33873,4.5,"5,670",12,222504.556 
E02000509,51.9,28188,5.6,"2,850",16,212688.889 
E02000510,41.3,33570,5.6,"2,370",15,254972.222 
E02000511,40.4,29515,5.8,"4,540",14,244080.500 
E02000512,58.0,26571,7.8,"4,030",22,221375.500 
E02000513,61.1,24201,9.8,"3,890",23,187388.889 
E02000514,84.3,26109,7.9,"2,960",26,223166.667 
E02000515,34.3,26882,7.2,"2,870",14,189377.500 
E02000516,51.7,27962,7.7,"3,020",17,231805.556 
E02000517,58.4,24715,8.3,"3,050",19,218577.778 
E02000518,34.7,26127,7.3,"2,980",12,227277.778 
E02000519,49.6,24418,9.4,"4,450",16,230136.111 
E02000520,27.1,25017,9.5,"3,760",9,230611.111 
E02000521,42.7,25499,8.3,"3,090",14,222486.000 
E02000522,56.7,27941,6.7,"3,650",22,221108.333 
E02000523,61.4,25663,8.0,"4,360",18,220243.000 
E02000524,3.4,27894,6.6,"2,890",1,213055.556 
E02000525,22.6,25400,7.3,"3,430",8,194494.444 
E02006796,20.5,33969,6.0,"3,080",8,248494.444 
E02000526,90.6,61765,4.1,"3,630",40,591816.667 
E02000528,46.5,28059,8.0,"3,730",21,271062.500 
E02000529,72.0,26430,8.4,"4,090",24,232605.556 
E02000530,25.4,20703,11.0,"3,830",8,197777.778 
E02000531,40.2,35461,5.4,"3,280",17,287722.222 
E02000532,40.1,54622,5.1,"3,330",18,580550.000 
E02000533,78.5,53134,4.0,"2,630",37,441444.444 
E02000534,16.8,43836,5.3,"4,360",6,304025.000 
E02000535,60.2,28690,7.4,"4,170",19,266025.000 
E02000536,58.6,29957,6.6,"4,960",18,269305.000 
E02000537,46.9,38899,5.3,"4,170",15,277944.444 
E02000538,38.3,25822,7.2,"4,170",11,241538.778 
E02000539,66.5,32736,5.6,"4,200",27,254688.278 
E02000540,76.8,31659,6.5,"3,570",29,240361.056 
E02000541,84.3,24661,7.4,"3,630",27,233166.667 
E02000542,96.3,26621,7.2,"3,760",31,219250.000 
E02000543,107.5,29967,6.3,"3,970",37,229523.000 
E02000544,60.5,35406,5.7,"6,130",20,275938.889 
E02000545,63.7,28905,6.8,"3,810",26,262488.889 
E02000546,40.4,27462,7.7,"4,060",12,225830.000 
E02000547,29.7,27520,5.6,"5,220",11,209138.889 
E02000548,26.4,25661,7.2,"4,870",10,196747.778 
E02000549,45.4,27912,6.2,"4,950",16,221663.889 
E02000550,112.5,26789,7.2,"4,440",41,206416.667 
E02000551,41.4,23525,8.8,"4,090",16,192105.556 
E02000552,28.1,29890,5.2,"3,650",11,198719.444 
E02000553,26.3,29235,6.4,"4,750",11,214583.333 
E02006792,58.7,49372,4.2,"5,390",29,376000.000 
E02000554,146.9,29939,10.3,"7,340",68,282588.889 
E02000555,158.3,34751,8.1,"5,680",69,320672.222 
E02000556,154.7,33947,7.7,"3,630",73,302022.222 
E02000557,116.6,33058,8.9,"2,470",57,302804.444 
E02000558,187.2,24328,13.3,"4,040",81,242949.444 
E02000559,157.6,50298,4.8,"4,620",70,407250.000 
E02000560,144.2,34339,6.8,"3,320",66,295750.000 
E02000561,128.0,51282,5.0,"4,190",58,372827.778 
E02000562,124.2,39231,7.8,"3,750",57,378158.333 
E02000563,148.0,28943,9.3,"4,510",65,265188.889 
E02000564,133.4,35798,6.3,"4,350",66,330478.167 
E02000565,161.5,31968,8.6,"4,410",72,307916.667 
E02000566,119.2,54049,5.2,"3,930",55,437719.000 
E02000567,159.6,39370,6.8,"5,830",77,358561.111 
E02000568,111.9,26749,10.3,"4,980",47,288163.889 
E02000569,145.5,37454,8.1,"4,910",71,396133.278 
E02000570,149.1,57788,5.3,"4,100",74,491166.667 
E02000571,163.6,33626,9.1,"4,360",77,387472.222 
E02000572,188.6,26101,11.1,"4,420",78,283041.667 
E02000573,124.6,55292,5.3,"4,320",62,520445.556 
E02000574,144.7,39035,6.4,"4,360",68,432527.778 
E02000575,132.9,39530,5.5,"4,000",67,463897.222 
E02000576,129.9,31459,9.7,"3,620",61,393650.000 
E02000577,82.9,19212,13.8,"3,060",36,308715.333 
E02000578,112.2,22217,13.5,"2,470",49,389613.833 
E02000579,138.0,33332,7.5,"3,400",68,490777.778 
E02000580,211.7,31279,9.4,"4,730",121,507500.000 
E02000581,172.0,22851,12.4,"4,060",78,439522.222 
E02000582,148.6,51238,4.4,"2,840",91,713367.833 
E02000583,123.7,53955,5.3,"3,450",67,758333.333 
E02000584,87.7,67500,3.7,"3,210",50,1002333.333 
E02000585,91.1,45776,5.6,"5,190",48,659166.667 
E02000586,142.5,70752,3.8,"2,530",84,1062064.167 
E02000587,138.7,64001,3.8,"3,450",76,935583.333 
E02000588,108.7,73363,3.0,"2,750",78,1263411.111 
E02000589,219.7,46123,6.0,"3,790",130,716555.556 
E02000590,152.2,37693,6.4,"2,700",106,557578.111 
E02000591,179.8,34182,7.8,"3,150",107,506333.333 
E02000592,116.9,66163,3.2,"3,210",72,949666.667 
E02000593,143.7,42447,5.6,"3,240",89,593702.778 
E02000594,95.9,62350,4.0,"2,960",54,899305.556 
E02000595,116.1,58246,4.1,"2,400",66,811500.000 
E02000596,140.9,57412,3.6,"3,380",73,689444.389 
E02000597,179.0,31662,9.3,"4,160",92,562383.333 
E02000598,59.7,52265,3.6,"4,920",23,405516.667 
E02000599,17.7,61278,3.2,"5,650",6,733222.222 
E02000600,78.5,38613,4.6,"3,860",31,281172.222 
E02000601,100.7,45980,4.1,"3,450",41,349492.778 
E02000602,91.5,30366,5.8,"4,220",38,275522.222 
E02000603,60.5,30913,7.3,"3,830",22,262680.556 
E02000604,56.8,38939,4.5,"3,500",22,308100.000 
E02000605,56.0,39492,4.2,"4,360",22,316544.444 
E02000606,70.0,38805,3.7,"4,070",33,285516.778 
E02000607,48.3,44038,3.6,"4,080",18,329344.444 
E02000608,86.5,39710,4.6,"3,580",40,267377.778 
E02000609,51.0,36961,4.8,"3,960",19,336277.778 
E02000610,70.5,36219,4.3,"4,310",36,254203.667 
E02000611,41.1,47534,4.0,"3,920",15,386466.667 
E02000612,43.2,44028,3.7,"3,160",17,336602.778 
E02000613,66.1,40639,4.1,"4,170",27,275191.667 
E02000614,29.0,32056,4.9,"3,320",11,245302.778 
E02000615,46.7,34123,4.0,"3,920",18,244797.111 
E02000616,46.5,34817,3.8,"4,200",18,233297.222 
E02000617,12.4,32593,5.0,"3,920",5,236852.778 
E02000619,151.9,29386,9.4,"3,960",72,300756.389 
E02000620,134.3,34405,7.0,"3,590",64,350888.889 
E02000621,146.2,35630,6.7,"4,210",74,371136.111 
E02000622,107.4,32977,6.6,"3,740",46,288944.167 
E02000623,177.3,27074,9.7,"3,640",76,237966.111 
E02000624,144.2,29188,9.7,"4,130",63,287136.111 
E02000625,152.9,25765,10.0,"3,870",62,231166.667 
E02000626,152.3,23853,13.4,"3,510",63,215816.667 
E02000627,182.2,31947,8.2,"3,450",78,293136.111 
E02000628,148.9,24224,10.8,"5,370",62,223163.889 
E02000629,145.0,44707,5.3,"3,550",63,345351.500 
E02000630,108.4,49115,5.4,"3,560",51,372305.556 
E02000631,85.9,41162,6.3,"2,560",36,293063.889 
E02000632,180.7,46532,4.6,"4,140",80,333491.667 
E02000633,141.3,29849,9.2,"3,400",63,282083.333 
E02000634,132.7,33491,6.8,"3,670",59,314500.000 
E02000635,75.2,35959,8.3,"4,160",33,296562.500 
E02000636,86.1,63954,3.4,"3,460",34,469002.778 
E02000637,152.9,40092,6.0,"3,480",69,289555.556 
E02000638,148.0,30334,8.5,"3,950",61,248222.111 
E02000639,134.7,25580,10.6,"3,270",59,197466.667 
E02000640,114.5,48571,5.5,"3,410",47,387916.667 
E02000641,146.4,25091,11.8,"2,900",57,219416.667 
E02000642,88.6,38077,7.9,"5,590",39,281000.000 
E02000643,123.3,36505,6.9,"3,510",52,277747.222 
E02000644,97.2,37582,7.5,"2,850",41,252861.111 
E02000645,82.3,38644,7.4,"2,570",36,250138.611 
E02000646,100.4,39731,5.6,"2,800",42,246855.556 
E02000647,87.4,38576,8.0,"3,420",37,251055.278 
E02000648,114.1,25906,13.0,"2,910",47,213063.889 
E02000649,113.0,32375,7.5,"3,780",51,233180.556 
E02000650,97.6,30612,9.9,"3,750",43,238031.111 
E02000651,80.3,35646,8.1,"3,580",33,249719.444 
E02000652,110.9,29440,8.4,"3,120",38,246277.778 
E02006801,73.7,41247,6.3,"3,540",37,393236.111 
E02000653,130.3,27644,10.1,"3,330",54,238027.778 
E02000654,84.9,22331,12.8,"2,750",36,178305.556 
E02000655,87.5,27406,9.6,"2,550",35,180272.222 
E02000657,109.0,29941,7.0,"3,500",44,232966.667 
E02000658,110.7,31930,7.8,"3,120",47,244819.444 
E02000659,75.6,42996,8.7,"3,400",33,288944.444 
E02000660,102.9,37996,6.9,"3,350",46,243222.222 
E02000661,51.2,52571,5.0,"2,840",25,307272.222 
E02000662,108.7,30526,8.0,"3,670",44,227635.833 
E02000663,111.4,37610,7.2,"2,970",45,254913.611 
E02000664,72.8,28314,9.5,"3,570",33,193994.444 
E02000665,102.2,40117,6.8,"3,410",45,262166.111 
E02000666,78.0,36878,7.0,"2,430",30,253833.333 
E02000667,91.4,44291,6.7,"3,060",36,283944.444 
E02000668,66.9,44583,5.5,"3,900",28,263593.889 
E02000669,119.5,34634,7.8,"4,070",52,220416.667 
E02000670,107.0,28609,10.0,"3,970",45,188798.889 
E02000671,85.3,39951,7.2,"2,960",38,252250.000 
E02000672,73.8,29359,10.0,"3,280",31,208888.889 
E02000673,77.5,47199,5.9,"3,650",34,254777.778 
E02000674,100.4,35614,8.0,"3,290",37,240411.111 
E02000675,56.4,38149,6.8,"3,270",24,234472.222 
E02000676,105.3,40798,6.5,"3,470",45,246277.500 
E02000677,69.7,37400,7.9,"3,110",26,244499.167 
E02000678,60.4,27726,9.2,"3,470",24,182633.333 
E02000679,84.7,31618,8.2,"3,060",37,229525.000 
E02000680,92.2,31162,8.7,"3,630",40,221416.667 
E02000681,61.4,27825,9.2,"3,220",24,207738.889 
E02000682,69.6,27822,10.3,"3,530",26,230277.778 
E02000683,67.3,27293,9.9,"2,840",29,184027.222 
E02000685,79.8,31133,9.2,"3,210",36,214774.944 
E02000686,39.1,24278,12.0,"2,930",17,175111.111 
E02000687,103.3,33710,7.7,"3,380",45,238555.278 
E02006783,78.3,25647,11.1,"3,520",31,183800.000 
E02006784,52.3,26520,10.9,"3,350",22,193055.000 
E02006798,93.0,24448,11.7,"2,850",40,181194.444 
E02000689,41.6,53118,3.2,"2,770",17,452684.889 
E02000690,10.4,74567,3.0,"2,220",5,1010083.333 
E02000691,80.6,52103,3.3,"2,340",33,378757.333 
E02000692,69.0,58994,3.2,"2,490",34,440908.278 
E02000693,88.8,33267,4.2,"2,350",39,241455.556 
E02000694,116.8,44578,3.5,"2,940",51,366775.000 
E02000695,104.0,28765,6.3,"2,190",37,264522.222 
E02000696,110.3,27521,7.2,"2,800",44,203305.556 
E02000697,72.4,51419,3.4,"3,060",32,393163.889 
E02000698,45.2,60656,3.2,"2,760",19,518972.167 
E02000699,83.6,50391,3.6,"2,500",35,346076.389 
E02000700,91.6,24652,8.0,"3,880",37,206999.722 
E02000701,89.1,26044,7.1,"7,920",32,219766.667 
E02000702,50.3,25072,9.3,"2,270",20,201593.889 
E02000703,53.4,48127,4.0,"2,390",21,379666.667 
E02000704,47.6,35296,4.1,"2,180",21,265441.667 
E02000705,66.0,28928,6.9,"2,460",24,236077.778 
E02000706,96.7,21634,9.5,"2,720",37,190611.111 
E02000707,64.6,24319,9.7,"2,290",24,213305.556 
E02000708,49.9,39604,4.5,"3,560",19,315219.444 
E02000709,44.5,37323,4.3,"2,670",17,305969.444 
E02000710,26.4,26763,7.2,"2,400",10,217222.222 
E02000711,62.6,25530,8.0,"2,700",24,211938.333 
E02000712,53.8,26216,6.7,"3,140",21,217999.444 
E02000713,49.4,31905,4.0,"2,560",19,253611.111 
E02000714,149.0,28633,9.9,"2,370",51,211027.778 
E02000715,176.7,23021,13.5,"2,650",53,200583.278 
E02000716,48.2,27096,11.9,"2,760",15,209194.444 
E02000717,167.9,23822,11.0,"2,600",49,199500.000 
E02000718,113.4,22608,13.0,"3,280",36,183638.889 
E02000719,119.4,25917,9.5,"3,060",44,219361.111 
E02000720,143.0,30288,9.7,"2,890",43,245055.222 
E02000721,166.4,24161,10.7,"2,820",47,207305.556 
E02000722,184.9,31474,9.0,"4,620",67,234776.389 
E02000723,155.9,25981,9.4,"2,400",39,236944.333 
E02000724,194.8,24503,10.9,"3,430",50,214694.444 
E02000725,112.6,31296,8.3,"5,190",47,230665.833 
E02000726,27.2,33016,8.5,"4,490",11,237885.833 
E02000727,216.0,25043,9.6,"2,920",58,211805.556 
E02000728,127.6,26063,9.9,"2,480",35,224027.778 
E02000729,101.8,29191,9.4,"2,680",32,231451.111 
E02000730,181.1,24843,10.5,"2,220",50,220666.667 
E02000731,177.3,25650,8.9,"5,140",49,218583.333 
E02000732,173.6,21594,12.5,"5,130",53,208722.222 
E02000733,130.4,24789,10.7,"2,270",48,210971.944 
E02000734,205.4,24484,11.3,"4,870",71,217860.278 
E02000735,142.5,23621,10.0,"2,710",44,198444.444 
E02000736,70.0,24351,11.8,"2,160",21,203777.222 
E02000737,113.8,25856,9.9,"2,510",37,206610.556 
E02000738,188.3,29658,8.3,"5,510",56,215149.444 
E02000739,155.3,24388,10.5,"2,260",52,210222.222 
E02000740,53.3,23991,13.0,"2,660",20,196361.111 
E02000741,111.0,25535,10.8,"2,260",37,196694.444 
E02000742,103.5,25060,10.8,"5,440",33,202055.556 
E02000743,129.3,21991,13.8,"2,490",47,188555.556 
E02000744,138.4,23901,11.5,"2,570",50,182111.111 
E02000745,112.9,27662,9.8,"2,870",39,211944.444 
E02000746,18.2,29254,9.9,"2,330",6,240466.667 
E02000747,57.4,31483,8.8,"2,100",24,250215.833 
E02000748,46.9,31588,8.6,"2,400",17,199916.667 
E02000749,58.3,23579,11.7,"2,930",22,191944.111 
E02000750,33.3,38977,8.1,"4,720",14,236805.000 
E02000751,34.0,56235,3.7,"4,390",14,376583.333 
E02000752,14.0,24579,9.4,"2,970",6,201777.222 
E02000753,81.0,27840,8.1,"2,170",33,214083.056 
E02000754,53.3,36759,6.0,"4,460",22,286541.667 
E02000755,38.8,32866,6.7,"4,420",16,242722.222 
E02000756,35.7,32923,6.4,"5,140",14,247239.222 
E02000757,79.8,47725,4.5,"5,120",34,278055.556 
E02000758,52.5,31201,8.0,"3,770",19,268625.000 
E02000759,52.6,38454,6.6,"3,070",21,277444.444 
E02000760,67.9,29907,7.7,"2,740",26,258986.111 
E02000762,79.6,40869,6.8,"3,260",27,312543.889 
E02000763,9.0,31475,7.5,"3,330",3,244083.333 
E02000764,60.5,48028,4.3,"3,220",28,268222.222 
E02000765,88.4,35880,6.9,"2,700",31,270881.667 
E02000767,87.7,33318,7.3,"2,670",31,252166.667 
E02000768,33.3,52445,4.3,"4,010",13,395235.556 
E02000769,96.5,30912,7.9,"3,420",35,223833.333 
E02000770,65.6,29862,7.7,"4,410",21,247415.278 
E02000772,59.0,29724,9.4,"2,530",19,240971.944 
E02000773,99.7,30462,8.8,"2,210",30,244250.000 
E02000774,108.2,26991,10.2,"3,050",33,241996.944 
E02000776,108.5,30601,9.4,"2,980",35,246222.167 
E02000777,16.9,44558,5.3,"4,140",7,350638.889 
E02000779,89.9,27610,11.8,"3,230",31,197916.667 
E02000780,119.6,24774,10.5,"4,880",36,213888.333 
E02000781,75.3,30472,8.3,"4,330",23,255055.556 
E02000782,137.7,22918,13.4,"4,000",42,210388.889 
E02000783,130.3,22915,12.8,"5,830",40,213944.167 
E02006800,82.8,28055,9.8,"6,970",26,217666.111 
E02006924,53.4,34608,8.0,"5,210",17,282652.556 
E02006925,53.7,42329,6.3,"4,750",17,323666.389 
E02000784,39.0,51920,4.5,"4,480",17,740145.000 
E02000785,23.8,56997,3.7,"4,210",11,538386.111 
E02000786,60.3,43966,4.3,"2,870",28,472286.111 
E02000787,62.6,40440,4.8,"4,080",28,418055.556 
E02000788,81.7,51160,3.1,"3,040",35,541302.778 
E02000789,34.2,49140,3.5,"3,420",17,449561.556 
E02000790,79.3,55328,2.6,"3,640",34,492055.556 
E02000791,56.9,57282,3.1,"4,730",29,484327.722 
E02000792,56.5,51048,3.6,"3,300",27,420436.111 
E02000793,61.4,34724,4.7,"3,610",24,291941.667 
E02000794,46.0,42880,3.5,"3,580",19,338122.222 
E02000795,5.5,59087,3.9,"3,650",2,727608.333 
E02000796,54.2,31272,6.2,"3,810",21,287994.444 
E02000797,78.4,44752,2.8,"3,770",37,346583.333 
E02000798,43.9,38433,3.9,"4,490",18,326269.444 
E02000799,50.9,51201,2.7,"3,350",19,431855.556 
E02000800,28.7,33176,7.3,"4,760",12,320180.556 
E02000801,67.4,45613,3.0,"4,010",30,391491.667 
E02000802,47.4,41498,3.5,"4,230",20,357805.556 
E02000803,47.9,33330,5.0,"4,340",21,264500.000 
E02000804,19.1,43934,3.6,"3,100",9,386777.778 
E02000805,38.0,41224,4.3,"4,300",17,366444.444 
E02000806,14.6,40455,3.7,"3,120",6,352108.333 
E02000807,123.8,50947,4.9,"3,500",54,322271.667 
E02000808,88.3,42017,6.0,"3,380",42,423888.889 
E02000809,158.9,55898,4.0,"4,070",87,434027.778 
E02000810,144.4,28250,8.8,"3,620",62,268027.778 
E02000812,148.9,29516,7.6,"3,270",64,315629.667 
E02000813,98.5,27190,9.0,"3,380",43,260110.556 
E02000814,89.5,46013,5.2,"2,970",41,287972.222 
E02000815,152.5,32418,5.6,"3,550",62,282971.611 
E02000816,122.3,25635,9.9,"3,190",53,198583.333 
E02000817,98.0,21717,11.8,"3,750",43,210966.667 
E02000818,128.2,24756,9.0,"2,770",56,235933.333 
E02000819,161.3,24055,9.6,"3,590",64,201024.444 
E02000820,197.4,28269,9.2,"2,960",90,279916.667 
E02000821,116.7,22730,12.4,"3,200",43,212958.333 
E02000822,165.6,22644,12.0,"4,130",70,204580.556 
E02000823,122.4,26945,9.2,"4,430",51,262608.333 
E02000824,100.6,22101,13.2,"3,220",37,190469.167 
E02000825,181.6,23317,12.3,"3,210",67,190966.222 
E02000826,165.7,26308,10.4,"3,090",65,225416.667 
E02000827,153.3,24659,10.3,"3,200",64,202416.722 
E02000828,134.9,23800,12.5,"3,680",51,202077.778 
E02000829,137.0,25180,11.9,"4,160",55,231016.611 
E02000830,107.7,40120,7.0,"3,250",46,287822.222 
E02000831,119.1,36051,7.1,"3,580",50,319666.667 
E02000832,119.3,26730,9.2,"4,140",49,248640.000 
E02000833,94.4,30121,8.2,"2,940",37,226444.444 
E02000834,76.4,46739,5.2,"2,440",36,334800.000 
E02000835,49.8,36312,8.5,"3,940",20,282304.278 
E02000836,109.8,52887,4.9,"2,920",46,394694.444 
E02000837,37.9,70356,3.5,"4,060",14,622222.222 
E02000838,87.1,43476,6.0,"4,830",37,283025.000 
E02000839,29.5,44337,6.7,"2,890",13,255291.667 
E02006802,111.5,30166,9.1,"2,670",43,308994.444 
E02000840,61.4,23501,8.3,"2,600",24,191583.333 
E02000841,77.2,23552,8.5,"3,930",29,196722.222 
E02000842,47.3,31834,3.8,"3,580",18,252277.778 
E02000843,59.5,30441,5.8,"3,880",26,172702.500 
E02000844,78.2,28121,6.2,"2,820",31,212883.333 
E02000845,61.8,36520,4.5,"4,590",23,265766.667 
E02000846,52.3,32767,4.5,"2,960",20,241438.889 
E02000847,57.8,38126,4.2,"4,020",23,262388.889 
E02000848,68.4,35055,3.5,"5,390",25,261691.667 
E02000849,64.2,32090,5.5,"3,230",26,223691.667 
E02000850,21.0,33521,5.0,"2,350",8,233377.778 
E02000851,75.9,27609,7.2,"2,850",37,176776.667 
E02000852,79.4,34717,5.3,"3,600",34,223719.444 
E02000853,61.8,32030,5.1,"3,210",26,225438.889 
E02000854,44.2,39764,4.4,"5,580",18,256332.778 
E02000855,42.3,46181,3.5,"2,690",17,326580.556 
E02000856,67.8,35799,4.6,"3,780",30,206721.667 
E02000857,79.5,36254,5.0,"3,620",41,195663.889 
E02000858,51.4,23845,9.5,"3,600",21,197063.333 
E02000859,48.4,36194,5.0,"3,600",21,224433.333 
E02000860,90.4,30415,5.3,"3,400",47,175913.889 
E02000861,29.3,55178,3.3,"6,620",11,397277.778 
E02000863,9.6,42951,4.5,"3,050",4,336437.000 
E02006836,25.1,55649,3.2,"4,740",10,328750.000 
E02000864,67.1,28619,11.5,"3,430",28,257494.611 
E02000865,158.6,29970,11.5,"3,960",60,240607.500 
E02000866,85.1,43435,7.7,"3,440",34,311036.500 
E02000867,126.0,37341,6.7,"3,160",57,257799.722 
E02000868,190.7,32542,7.7,"3,270",74,269055.556 
E02000869,177.6,33513,9.4,"3,190",79,341177.778 
E02000870,164.7,30571,9.6,"3,880",66,244999.889 
E02000871,138.2,26919,13.3,"3,250",47,219861.111 
E02000872,171.2,32280,9.2,"3,210",69,306911.000 
E02000873,175.1,28954,10.1,"2,940",56,256388.333 
E02000874,206.7,26561,11.3,"3,440",75,240665.556 
E02000875,153.4,27168,13.5,"3,690",53,229283.611 
E02000876,134.6,29289,10.8,"4,060",53,239499.722 
E02000877,127.6,27236,13.6,"4,380",42,244747.889 
E02000878,168.6,37981,10.8,"3,660",65,344083.000 
E02000879,175.8,28325,10.0,"4,280",66,262735.500 
E02000880,158.5,28569,9.8,"4,580",58,229750.000 
E02000881,99.8,25871,15.0,"3,220",35,222538.889 
E02000882,151.2,28448,14.4,"3,120",51,245586.111 
E02000883,172.3,24709,15.9,"3,950",62,215788.889 
E02000884,171.6,40353,7.5,"3,390",72,341615.444 
E02000885,204.1,25521,13.3,"3,620",76,226410.222 
E02000886,152.0,42405,8.2,"3,600",69,319265.333 
E02000887,152.7,26790,13.0,"3,470",55,231888.778 
E02000888,159.0,39596,8.6,"3,390",66,339501.111 
E02000889,119.2,47227,6.9,"3,690",52,318443.889 
E02000890,104.4,72382,3.9,"4,060",60,427705.556 
E02000891,88.3,50177,7.4,"3,770",41,315115.278 
E02000893,97.0,40271,8.1,"3,930",42,272361.111 
E02000894,195.3,58097,6.7,"5,900",87,305277.778 
E02006853,155.0,46828,9.1,"3,570",77,308950.556 
E02006854,71.0,61030,5.1,"5,280",37,388954.944 
E02000895,36.1,33437,7.3,"3,390",15,256166.111 
E02000896,31.1,47637,5.8,"3,770",14,279888.889 
E02000897,43.3,30715,7.9,"3,330",18,234138.611 
E02000898,50.2,35495,7.3,"5,100",20,248694.444 
E02000899,66.2,34598,6.5,"3,620",26,251847.222 
E02000900,52.5,29313,8.1,"5,490",19,232805.556 
E02000901,55.0,44721,5.6,"3,980",21,261165.833 
E02000902,68.0,30115,8.4,"4,350",26,236049.444 
E02000903,46.7,25263,11.9,"2,630",16,218180.556 
E02000904,57.6,34202,8.4,"4,570",20,240854.889 
E02000905,94.2,30591,7.9,"3,270",34,233077.500 
E02000906,152.2,28644,8.5,"4,450",58,207777.778 
E02000907,114.6,24557,14.7,"3,010",44,219293.611 
E02000908,46.8,28067,7.0,"4,120",19,199055.278 
E02000909,63.6,38108,6.9,"4,250",25,269693.611 
E02000910,138.4,30458,8.0,"3,970",52,238019.167 
E02000911,126.2,27830,8.6,"3,940",47,206027.222 
E02000912,37.3,27888,8.6,"2,950",13,233777.778 
E02000913,84.0,33147,8.0,"2,930",29,256972.222 
E02000914,155.8,23842,11.6,"3,230",54,200774.722 
E02000915,59.3,36197,8.8,"3,890",23,233401.944 
E02000916,42.9,26078,9.1,"4,640",16,184388.611 
E02000917,137.4,29226,7.5,"4,210",51,201500.000 
E02000918,110.6,29865,9.0,"3,360",42,248360.556 
E02000919,167.1,29238,8.2,"3,090",59,232333.333 
E02000920,55.4,25236,10.3,"2,610",20,223777.778 
E02000921,133.0,24919,12.0,"3,060",48,221888.889 
E02000922,164.0,26784,9.0,"2,360",58,219646.111 
E02000923,72.7,50458,3.9,"2,730",37,460500.000 
E02000924,57.4,30375,7.3,"3,230",28,373830.556 
E02000925,180.0,29995,8.0,"4,410",79,352850.000 
E02000926,144.8,42699,5.0,"3,070",73,424733.333 
E02000927,155.5,36602,5.5,"3,110",73,387250.000 
E02000928,88.9,62804,3.4,"3,700",40,541188.889 
E02000929,179.6,24048,10.1,"4,360",81,221333.333 
E02000930,123.9,48812,3.7,"5,070",56,414902.778 
E02000931,111.4,66174,2.5,"4,200",46,513789.111 
E02000932,81.3,60518,2.6,"5,690",39,411555.556 
E02000933,80.0,55036,3.3,"4,130",38,385222.222 
E02000934,119.5,46299,3.8,"4,910",57,388305.556 
E02000935,49.1,22037,9.5,"4,490",18,215827.778 
E02000936,94.3,46759,3.9,"5,990",47,340444.444 
E02000937,64.0,63633,3.4,"3,900",26,529216.667 
E02000938,55.6,32118,6.2,"6,670",24,346277.778 
E02000939,110.3,72680,3.0,"5,410",41,809383.333 
E02000940,112.4,33102,5.1,"5,380",52,282600.778 
E02000941,94.9,52035,3.9,"5,680",40,399500.000 
E02000942,91.3,58131,3.0,"5,950",39,465111.111 
E02000943,118.6,53940,4.3,"4,930",55,419305.556 
E02000944,120.1,29893,5.8,"5,680",50,263608.333 
E02000945,35.5,24458,7.1,"6,300",13,215348.222 
E02000946,78.5,38080,5.9,"6,080",30,333611.111 
E02000947,99.9,52510,3.1,"5,020",47,379519.444 
E02000948,73.3,48389,3.7,"5,070",35,342802.778 
E02000949,68.2,58785,2.9,"5,020",30,420841.667 
E02000950,85.8,38390,5.6,"5,100",39,281883.333 
E02000951,131.2,40491,5.1,"4,870",63,322757.556 
E02000952,106.5,43605,5.3,"2,610",49,364813.889 
E02000953,105.6,41826,3.5,"3,060",46,352705.556 
E02000954,139.8,36075,5.9,"2,360",53,357612.556 
E02000955,117.6,29210,7.4,"2,730",47,293333.333 
E02000956,89.1,27174,7.5,"3,230",37,250522.222 
E02000957,145.8,31982,5.7,"4,410",59,264972.222 
E02000958,95.0,35789,6.0,"3,070",35,303777.778 
E02000959,145.7,29632,8.9,"3,110",61,230927.778 
E02000960,73.0,55252,5.1,"3,700",39,617105.556 
E02000961,118.5,41412,6.4,"4,360",53,493883.333 
E02000962,125.2,38549,5.8,"5,070",73,452504.167 
E02000963,218.4,25911,11.6,"4,200",88,374237.111 
E02000964,251.6,28594,10.8,"5,690",114,315011.444 
E02000965,176.2,41816,5.8,"4,130",84,471694.444 
E02000966,170.9,55980,4.3,"4,910",91,598605.556 
E02000967,54.3,55318,4.2,"4,490",31,630055.556 
E02000968,240.2,20825,14.1,"5,990",97,304589.833 
E02000969,174.7,23726,11.5,"3,900",70,312366.667 
E02000970,85.8,66539,3.2,"6,670",58,791417.389 
E02000971,154.0,46398,5.0,"5,410",98,579277.778 
E02000972,66.7,43102,5.8,"5,380",40,585855.556 
E02000973,185.8,44419,5.4,"5,680",104,509101.500 
E02000974,129.6,40174,7.5,"5,950",79,546972.222 
E02000975,184.4,48906,4.9,"4,930",107,547750.000 
E02000976,212.8,40071,6.5,"5,680",121,501027.778 
E02000977,32.4,54574,4.8,"6,300",21,718550.000 
E02000978,26.4,89999,2.7,"6,080",15,1771167.111 
E02000979,60.2,51320,6.5,"5,020",33,637272.222 
E02000980,201.5,36808,7.1,"5,070",111,482888.889 
E02000981,250.5,51738,5.2,"5,020",144,491611.111 
E02000982,131.3,34920,7.2,"5,100",71,590166.667 
E02000983,229.2,35968,6.2,"4,870",131,433247.778 
,,,,,,
,,,,,,
,,,,,,
